ID,Name,Category,Rank,Traits,Override Buy Price,Override EP Price
at010_00_00,Attack Lv 1,Ability,1,,,
at010_00_10,Attack Lv 2,Ability,2,,,
at010_00_20,Attack Lv 3,Ability,3,,,
at010_00_30,Attack Lv 4,Ability,4,,,
at010_00_40,Attack Lv 5,Ability,5,,,
at010_10_00,Flamestrike Lv 1,Ability,1,,,
at010_10_10,Flamestrike Lv 2,Ability,2,,,
at010_10_20,Flamestrike Lv 3,Ability,3,,,
at010_10_30,Flamestrike Lv 4,Ability,4,,,
at010_10_40,Flamestrike Lv 5,Ability,5,,,
at010_20_00,Froststrike Lv 1,Ability,1,,,
at010_20_10,Froststrike Lv 2,Ability,2,,,
at010_20_20,Froststrike Lv 3,Ability,3,,,
at010_20_30,Froststrike Lv 4,Ability,4,,,
at010_20_40,Froststrike Lv 5,Ability,5,,,
at010_30_00,Sparkstrike Lv 1,Ability,1,,,
at010_30_10,Sparkstrike Lv 2,Ability,2,,,
at010_30_20,Sparkstrike Lv 3,Ability,3,,,
at010_30_30,Sparkstrike Lv 4,Ability,4,,,
at010_30_40,Sparkstrike Lv 5,Ability,5,,,
at010_50_00,Galestrike Lv 1,Ability,1,,,
at010_50_10,Galestrike Lv 2,Ability,2,,,
at010_50_20,Galestrike Lv 3,Ability,3,,,
at010_50_30,Galestrike Lv 4,Ability,4,,,
at010_50_40,Galestrike Lv 5,Ability,5,,,
at060_00_00,Light Slash Lv 1,Ability,1,,,
at060_00_10,Light Slash Lv 2,Ability,2,,,
at060_00_20,Light Slash Lv 3,Ability,3,,,
at060_00_30,Light Slash Lv 4,Ability,4,,,
at060_00_40,Light Slash Lv 5,Ability,5,,,
at130_00_00,Beat Down Lv 1,Ability,1,,,
at130_00_10,Beat Down Lv 2,Ability,2,,,
at130_00_20,Beat Down Lv 3,Ability,3,,,
at130_00_30,Beat Down Lv 4,Ability,4,,,
at130_00_40,Beat Down Lv 5,Ability,5,,,
at150_00_00,Fatal Sweep Lv 1,Ability,1,,,
at150_00_10,Fatal Sweep Lv 2,Ability,2,,,
at150_00_20,Fatal Sweep Lv 3,Ability,3,,,
at150_00_30,Fatal Sweep Lv 4,Ability,4,,,
at150_00_40,Fatal Sweep Lv 5,Ability,5,,,
at160_00_00,Charged Strike Lv 1,Ability,1,,,
at160_00_10,Charged Strike Lv 2,Ability,2,,,
at160_00_20,Charged Strike Lv 3,Ability,3,,,
at160_00_30,Charged Strike Lv 4,Ability,4,,,
at160_00_40,Charged Strike Lv 5,Ability,5,,,
at520_00_00,Blitz Lv 1,Ability,1,,,
at520_00_10,Blitz Lv 2,Ability,2,,,
at520_00_20,Blitz Lv 3,Ability,3,,,
at520_00_30,Blitz Lv 4,Ability,4,,,
at520_00_40,Blitz Lv 5,Ability,5,,,
at620_00_00,Area Sweep Lv 1,Ability,1,,,
at620_00_10,Area Sweep Lv 2,Ability,2,,,
at620_00_20,Area Sweep Lv 3,Ability,3,,,
at620_00_30,Area Sweep Lv 4,Ability,4,,,
at620_00_40,Area Sweep Lv 5,Ability,5,,,
at620_10_00,Heat Blitz Lv 1,Ability,1,,,
at620_10_10,Heat Blitz Lv 2,Ability,2,,,
at620_10_20,Heat Blitz Lv 3,Ability,3,,,
at620_10_30,Heat Blitz Lv 4,Ability,4,,,
at620_10_40,Heat Blitz Lv 5,Ability,5,,,
at620_20_00,Ice Blitz Lv 1,Ability,1,,,
at620_20_10,Ice Blitz Lv 2,Ability,2,,,
at620_20_20,Ice Blitz Lv 3,Ability,3,,,
at620_20_30,Ice Blitz Lv 4,Ability,4,,,
at620_20_40,Ice Blitz Lv 5,Ability,5,,,
at620_30_00,Electric Blitz Lv 1,Ability,1,,,
at620_30_10,Electric Blitz Lv 2,Ability,2,,,
at620_30_20,Electric Blitz Lv 3,Ability,3,,,
at620_30_30,Electric Blitz Lv 4,Ability,4,,,
at620_30_40,Electric Blitz Lv 5,Ability,5,,,
at620_50_00,Aero Blitz Lv 1,Ability,1,,,
at620_50_10,Aero Blitz Lv 2,Ability,2,,,
at620_50_20,Aero Blitz Lv 3,Ability,3,,,
at620_50_30,Aero Blitz Lv 4,Ability,4,,,
at620_50_40,Aero Blitz Lv 5,Ability,5,,,
at700_00_00,Punt Lv 1,Ability,1,,,
at700_00_10,Punt Lv 2,Ability,2,,,
at700_00_20,Punt Lv 3,Ability,3,,,
at700_00_30,Punt Lv 4,Ability,4,,,
at700_00_40,Punt Lv 5,Ability,5,,,
at800_00_00,Heavy Slash Lv 1,Ability,1,,,
at800_00_10,Heavy Slash Lv 2,Ability,2,,,
at800_00_20,Heavy Slash Lv 3,Ability,3,,,
at800_00_30,Heavy Slash Lv 4,Ability,4,,,
at800_00_40,Heavy Slash Lv 5,Ability,5,,,
av010_00_00,Evade Lv 1,Ability,1,,,
av010_00_10,Evade Lv 2,Ability,2,,,
av010_00_20,Evade Lv 3,Ability,3,,,
av010_00_30,Evade Lv 4,Ability,4,,,
av010_00_40,Evade Lv 5,Ability,5,,,
ac300_00_00,ATB Charge Lv 1,Ability,1,,,
ac300_00_10,ATB Charge Lv 2,Ability,2,,,
ac300_00_20,ATB Charge Lv 3,Ability,3,,,
ac300_00_30,ATB Charge Lv 4,Ability,4,,,
ac300_00_40,ATB Charge Lv 5,Ability,5,,,
ga010_00_00,Counterblow Lv 1,Ability,1,,,
ga010_00_10,Counterblow Lv 2,Ability,2,,,
ga010_00_20,Counterblow Lv 3,Ability,3,,,
ga010_00_30,Counterblow Lv 4,Ability,4,,,
ga010_00_40,Counterblow Lv 5,Ability,5,,,
ga110_00_00,Counterspell Lv 1,Ability,1,,,
ga110_00_10,Counterspell Lv 2,Ability,2,,,
ga110_00_20,Counterspell Lv 3,Ability,3,,,
ga110_00_30,Counterspell Lv 4,Ability,4,,,
ga110_00_40,Counterspell Lv 5,Ability,5,,,
gd010_00_00,Steelguard Lv 1,Ability,1,,,
gd010_00_10,Steelguard Lv 2,Ability,2,,,
gd010_00_20,Steelguard Lv 3,Ability,3,,,
gd010_00_30,Steelguard Lv 4,Ability,4,,,
gd010_00_40,Steelguard Lv 5,Ability,5,,,
gd020_00_00,Guard Lv 1,Ability,1,,,
gd020_00_10,Guard Lv 2,Ability,2,,,
gd020_00_20,Guard Lv 3,Ability,3,,,
gd020_00_30,Guard Lv 4,Ability,4,,,
gd020_00_40,Guard Lv 5,Ability,5,,,
gd030_00_00,Light Guard Lv 1,Ability,1,,,
gd030_00_10,Light Guard Lv 2,Ability,2,,,
gd030_00_20,Light Guard Lv 3,Ability,3,,,
gd030_00_30,Light Guard Lv 4,Ability,4,,,
gd030_00_40,Light Guard Lv 5,Ability,5,,,
gd040_00_00,Heavy Guard Lv 1,Ability,1,,,
gd040_00_10,Heavy Guard Lv 2,Ability,2,,,
gd040_00_20,Heavy Guard Lv 3,Ability,3,,,
gd040_00_30,Heavy Guard Lv 4,Ability,4,,,
gd040_00_40,Heavy Guard Lv 5,Ability,5,,,
gd110_00_00,Mediguard Lv 1,Ability,1,,,
gd110_00_10,Mediguard Lv 2,Ability,2,,,
gd110_00_20,Mediguard Lv 3,Ability,3,,,
gd110_00_30,Mediguard Lv 4,Ability,4,,,
gd110_00_40,Mediguard Lv 5,Ability,5,,,
gd510_00_00,NulAll Guard Lv 1,Ability,1,,,
gd510_00_10,NulAll Guard Lv 2,Ability,2,,,
gd510_00_20,NulAll Guard Lv 3,Ability,3,,,
gd510_00_30,NulAll Guard Lv 4,Ability,4,,,
gd510_00_40,NulAll Guard Lv 5,Ability,5,,,
gd810_00_00,Heroic Guard Lv 1,Ability,1,,,
gd810_00_10,Heroic Guard Lv 2,Ability,2,,,
gd810_00_20,Heroic Guard Lv 3,Ability,3,,,
gd810_00_30,Heroic Guard Lv 4,Ability,4,,,
gd810_00_40,Heroic Guard Lv 5,Ability,5,,,
ma000_00_00,Ruin Lv 1,Ability,1,,,
ma000_00_10,Ruin Lv 2,Ability,2,,,
ma000_00_20,Ruin Lv 3,Ability,3,,,
ma000_00_30,Ruin Lv 4,Ability,4,,,
ma000_00_40,Ruin Lv 5,Ability,5,,,
ma020_00_00,Ruinga Lv 1,Ability,1,,,
ma020_00_10,Ruinga Lv 2,Ability,2,,,
ma020_00_20,Ruinga Lv 3,Ability,3,,,
ma020_00_30,Ruinga Lv 4,Ability,4,,,
ma020_00_40,Ruinga Lv 5,Ability,5,,,
ma100_00_00,Magnet Lv 1,Ability,1,,,
ma100_00_10,Magnet Lv 2,Ability,2,,,
ma100_00_20,Magnet Lv 3,Ability,3,,,
ma100_00_30,Magnet Lv 4,Ability,4,,,
ma100_00_40,Magnet Lv 5,Ability,5,,,
mb000_00_00,Fire Lv 1,Ability,1,,,
mb000_00_10,Fire Lv 2,Ability,2,,,
mb000_00_20,Fire Lv 3,Ability,3,,,
mb000_00_30,Fire Lv 4,Ability,4,,,
mb000_00_40,Fire Lv 5,Ability,5,,,
mb010_00_00,Fira Lv 1,Ability,1,,,
mb010_00_10,Fira Lv 2,Ability,2,,,
mb010_00_20,Fira Lv 3,Ability,3,,,
mb010_00_30,Fira Lv 4,Ability,4,,,
mb010_00_40,Fira Lv 5,Ability,5,,,
mb020_00_00,Firaga Lv 1,Ability,1,,,
mb020_00_10,Firaga Lv 2,Ability,2,,,
mb020_00_20,Firaga Lv 3,Ability,3,,,
mb020_00_30,Firaga Lv 4,Ability,4,,,
mb020_00_40,Firaga Lv 5,Ability,5,,,
mb030_00_00,Flare Lv 1,Ability,1,,,
mb030_00_10,Flare Lv 2,Ability,2,,,
mb030_00_20,Flare Lv 3,Ability,3,,,
mb030_00_30,Flare Lv 4,Ability,4,,,
mb030_00_40,Flare Lv 5,Ability,5,,,
mb100_00_00,Blizzard Lv 1,Ability,1,,,
mb100_00_10,Blizzard Lv 2,Ability,2,,,
mb100_00_20,Blizzard Lv 3,Ability,3,,,
mb100_00_30,Blizzard Lv 4,Ability,4,,,
mb100_00_40,Blizzard Lv 5,Ability,5,,,
mb110_00_00,Blizzara Lv 1,Ability,1,,,
mb110_00_10,Blizzara Lv 2,Ability,2,,,
mb110_00_20,Blizzara Lv 3,Ability,3,,,
mb110_00_30,Blizzara Lv 4,Ability,4,,,
mb110_00_40,Blizzara Lv 5,Ability,5,,,
mb120_00_00,Blizzaga Lv 1,Ability,1,,,
mb120_00_10,Blizzaga Lv 2,Ability,2,,,
mb120_00_20,Blizzaga Lv 3,Ability,3,,,
mb120_00_30,Blizzaga Lv 4,Ability,4,,,
mb120_00_40,Blizzaga Lv 5,Ability,5,,,
mb130_00_00,Chill Lv 1,Ability,1,,,
mb130_00_10,Chill Lv 2,Ability,2,,,
mb130_00_20,Chill Lv 3,Ability,3,,,
mb130_00_30,Chill Lv 4,Ability,4,,,
mb130_00_40,Chill Lv 5,Ability,5,,,
mb200_00_00,Thunder Lv 1,Ability,1,,,
mb200_00_10,Thunder Lv 2,Ability,2,,,
mb200_00_20,Thunder Lv 3,Ability,3,,,
mb200_00_30,Thunder Lv 4,Ability,4,,,
mb200_00_40,Thunder Lv 5,Ability,5,,,
mb210_00_00,Thundara Lv 1,Ability,1,,,
mb210_00_10,Thundara Lv 2,Ability,2,,,
mb210_00_20,Thundara Lv 3,Ability,3,,,
mb210_00_30,Thundara Lv 4,Ability,4,,,
mb210_00_40,Thundara Lv 5,Ability,5,,,
mb220_00_00,Thundaga Lv 1,Ability,1,,,
mb220_00_10,Thundaga Lv 2,Ability,2,,,
mb220_00_20,Thundaga Lv 3,Ability,3,,,
mb220_00_30,Thundaga Lv 4,Ability,4,,,
mb220_00_40,Thundaga Lv 5,Ability,5,,,
mb230_00_00,Surge Lv 1,Ability,1,,,
mb230_00_10,Surge Lv 2,Ability,2,,,
mb230_00_20,Surge Lv 3,Ability,3,,,
mb230_00_30,Surge Lv 4,Ability,4,,,
mb230_00_40,Surge Lv 5,Ability,5,,,
mb400_00_00,Aero Lv 1,Ability,1,,,
mb400_00_10,Aero Lv 2,Ability,2,,,
mb400_00_20,Aero Lv 3,Ability,3,,,
mb400_00_30,Aero Lv 4,Ability,4,,,
mb400_00_40,Aero Lv 5,Ability,5,,,
mb410_00_00,Aerora Lv 1,Ability,1,,,
mb410_00_10,Aerora Lv 2,Ability,2,,,
mb410_00_20,Aerora Lv 3,Ability,3,,,
mb410_00_30,Aerora Lv 4,Ability,4,,,
mb410_00_40,Aerora Lv 5,Ability,5,,,
mb420_00_00,Aeroga Lv 1,Ability,1,,,
mb420_00_10,Aeroga Lv 2,Ability,2,,,
mb420_00_20,Aeroga Lv 3,Ability,3,,,
mb420_00_30,Aeroga Lv 4,Ability,4,,,
mb420_00_40,Aeroga Lv 5,Ability,5,,,
mb430_00_00,Tornado Lv 1,Ability,1,,,
mb430_00_10,Tornado Lv 2,Ability,2,,,
mb430_00_20,Tornado Lv 3,Ability,3,,,
mb430_00_30,Tornado Lv 4,Ability,4,,,
mb430_00_40,Tornado Lv 5,Ability,5,,,
mc100_00_00,Flamespark Lv 1,Ability,1,,,
mc100_00_10,Flamespark Lv 2,Ability,2,,,
mc100_00_20,Flamespark Lv 3,Ability,3,,,
mc100_00_30,Flamespark Lv 4,Ability,4,,,
mc100_00_40,Flamespark Lv 5,Ability,5,,,
mc110_00_00,Flamesparka Lv 1,Ability,1,,,
mc110_00_10,Flamesparka Lv 2,Ability,2,,,
mc110_00_20,Flamesparka Lv 3,Ability,3,,,
mc110_00_30,Flamesparka Lv 4,Ability,4,,,
mc110_00_40,Flamesparka Lv 5,Ability,5,,,
mc200_00_00,Firestorm Lv 1,Ability,1,,,
mc200_00_10,Firestorm Lv 2,Ability,2,,,
mc200_00_20,Firestorm Lv 3,Ability,3,,,
mc200_00_30,Firestorm Lv 4,Ability,4,,,
mc200_00_40,Firestorm Lv 5,Ability,5,,,
mc210_00_00,Firestorma Lv 1,Ability,1,,,
mc210_00_10,Firestorma Lv 2,Ability,2,,,
mc210_00_20,Firestorma Lv 3,Ability,3,,,
mc210_00_30,Firestorma Lv 4,Ability,4,,,
mc210_00_40,Firestorma Lv 5,Ability,5,,,
mc300_00_00,Icespark Lv 1,Ability,1,,,
mc300_00_10,Icespark Lv 2,Ability,2,,,
mc300_00_20,Icespark Lv 3,Ability,3,,,
mc300_00_30,Icespark Lv 4,Ability,4,,,
mc300_00_40,Icespark Lv 5,Ability,5,,,
mc310_00_00,Icesparka Lv 1,Ability,1,,,
mc310_00_10,Icesparka Lv 2,Ability,2,,,
mc310_00_20,Icesparka Lv 3,Ability,3,,,
mc310_00_30,Icesparka Lv 4,Ability,4,,,
mc310_00_40,Icesparka Lv 5,Ability,5,,,
mc400_00_00,Icestorm Lv 1,Ability,1,,,
mc400_00_10,Icestorm Lv 2,Ability,2,,,
mc400_00_20,Icestorm Lv 3,Ability,3,,,
mc400_00_30,Icestorm Lv 4,Ability,4,,,
mc400_00_40,Icestorm Lv 5,Ability,5,,,
mc410_00_00,Icestorma Lv 1,Ability,1,,,
mc410_00_10,Icestorma Lv 2,Ability,2,,,
mc410_00_20,Icestorma Lv 3,Ability,3,,,
mc410_00_30,Icestorma Lv 4,Ability,4,,,
mc410_00_40,Icestorma Lv 5,Ability,5,,,
mc900_00_00,Element Lv 1,Ability,1,,,
mc900_00_10,Element Lv 2,Ability,2,,,
mc900_00_20,Element Lv 3,Ability,3,,,
mc900_00_30,Element Lv 4,Ability,4,,,
mc900_00_40,Element Lv 5,Ability,5,,,
mc910_00_00,Elementa Lv 1,Ability,1,,,
mc910_00_10,Elementa Lv 2,Ability,2,,,
mc910_00_20,Elementa Lv 3,Ability,3,,,
mc910_00_30,Elementa Lv 4,Ability,4,,,
mc910_00_40,Elementa Lv 5,Ability,5,,,
mg000_00_00,Deprotect Lv 1,Ability,1,,,
mg000_00_10,Deprotect Lv 2,Ability,2,,,
mg000_00_20,Deprotect Lv 3,Ability,3,,,
mg000_00_30,Deprotect Lv 4,Ability,4,,,
mg000_00_40,Deprotect Lv 5,Ability,5,,,
mg010_00_00,Deshell Lv 1,Ability,1,,,
mg010_00_10,Deshell Lv 2,Ability,2,,,
mg010_00_20,Deshell Lv 3,Ability,3,,,
mg010_00_30,Deshell Lv 4,Ability,4,,,
mg010_00_40,Deshell Lv 5,Ability,5,,,
mg020_00_00,Poison Lv 1,Ability,1,,,
mg020_00_10,Poison Lv 2,Ability,2,,,
mg020_00_20,Poison Lv 3,Ability,3,,,
mg020_00_30,Poison Lv 4,Ability,4,,,
mg020_00_40,Poison Lv 5,Ability,5,,,
mg030_00_00,Imperil Lv 1,Ability,1,,,
mg030_00_10,Imperil Lv 2,Ability,2,,,
mg030_00_20,Imperil Lv 3,Ability,3,,,
mg030_00_30,Imperil Lv 4,Ability,4,,,
mg030_00_40,Imperil Lv 5,Ability,5,,,
mg200_00_00,Deprotega Lv 1,Ability,1,,,
mg200_00_10,Deprotega Lv 2,Ability,2,,,
mg200_00_20,Deprotega Lv 3,Ability,3,,,
mg200_00_30,Deprotega Lv 4,Ability,4,,,
mg200_00_40,Deprotega Lv 5,Ability,5,,,
mg210_00_00,Deshellga Lv 1,Ability,1,,,
mg210_00_10,Deshellga Lv 2,Ability,2,,,
mg210_00_20,Deshellga Lv 3,Ability,3,,,
mg210_00_30,Deshellga Lv 4,Ability,4,,,
mg210_00_40,Deshellga Lv 5,Ability,5,,,
mg220_00_00,Poisonga Lv 1,Ability,1,,,
mg220_00_10,Poisonga Lv 2,Ability,2,,,
mg220_00_20,Poisonga Lv 3,Ability,3,,,
mg220_00_30,Poisonga Lv 4,Ability,4,,,
mg220_00_40,Poisonga Lv 5,Ability,5,,,
mg230_00_00,Imperilga Lv 1,Ability,1,,,
mg230_00_10,Imperilga Lv 2,Ability,2,,,
mg230_00_20,Imperilga Lv 3,Ability,3,,,
mg230_00_30,Imperilga Lv 4,Ability,4,,,
mg230_00_40,Imperilga Lv 5,Ability,5,,,
mg240_00_00,Dispel Lv 1,Ability,1,,,
mg240_00_10,Dispel Lv 2,Ability,2,,,
mg240_00_20,Dispel Lv 3,Ability,3,,,
mg240_00_30,Dispel Lv 4,Ability,4,,,
mg240_00_40,Dispel Lv 5,Ability,5,,,
mg250_00_00,Dispelga Lv 1,Ability,1,,,
mg250_00_10,Dispelga Lv 2,Ability,2,,,
mg250_00_20,Dispelga Lv 3,Ability,3,,,
mg250_00_30,Dispelga Lv 4,Ability,4,,,
mg250_00_40,Dispelga Lv 5,Ability,5,,,
mg500_00_00,Slow Lv 1,Ability,1,,,
mg500_00_10,Slow Lv 2,Ability,2,,,
mg500_00_20,Slow Lv 3,Ability,3,,,
mg500_00_30,Slow Lv 4,Ability,4,,,
mg500_00_40,Slow Lv 5,Ability,5,,,
mg530_00_00,Curse Lv 1,Ability,1,,,
mg530_00_10,Curse Lv 2,Ability,2,,,
mg530_00_20,Curse Lv 3,Ability,3,,,
mg530_00_30,Curse Lv 4,Ability,4,,,
mg530_00_40,Curse Lv 5,Ability,5,,,
mg560_00_00,Debrave Lv 1,Ability,1,,,
mg560_00_10,Debrave Lv 2,Ability,2,,,
mg560_00_20,Debrave Lv 3,Ability,3,,,
mg560_00_30,Debrave Lv 4,Ability,4,,,
mg560_00_40,Debrave Lv 5,Ability,5,,,
mg570_00_00,Defaith Lv 1,Ability,1,,,
mg570_00_10,Defaith Lv 2,Ability,2,,,
mg570_00_20,Defaith Lv 3,Ability,3,,,
mg570_00_30,Defaith Lv 4,Ability,4,,,
mg570_00_40,Defaith Lv 5,Ability,5,,,
mg700_00_00,Slowga Lv 1,Ability,1,,,
mg700_00_10,Slowga Lv 2,Ability,2,,,
mg700_00_20,Slowga Lv 3,Ability,3,,,
mg700_00_30,Slowga Lv 4,Ability,4,,,
mg700_00_40,Slowga Lv 5,Ability,5,,,
mg730_00_00,Cursega Lv 1,Ability,1,,,
mg730_00_10,Cursega Lv 2,Ability,2,,,
mg730_00_20,Cursega Lv 3,Ability,3,,,
mg730_00_30,Cursega Lv 4,Ability,4,,,
mg730_00_40,Cursega Lv 5,Ability,5,,,
mg760_00_00,Debravega Lv 1,Ability,1,,,
mg760_00_10,Debravega Lv 2,Ability,2,,,
mg760_00_20,Debravega Lv 3,Ability,3,,,
mg760_00_30,Debravega Lv 4,Ability,4,,,
mg760_00_40,Debravega Lv 5,Ability,5,,,
mg770_00_00,Defaithga Lv 1,Ability,1,,,
mg770_00_10,Defaithga Lv 2,Ability,2,,,
mg770_00_20,Defaithga Lv 3,Ability,3,,,
mg770_00_30,Defaithga Lv 4,Ability,4,,,
mg770_00_40,Defaithga Lv 5,Ability,5,,,
mg900_00_00,Disaster Lv 1,Ability,1,,,
mg900_00_10,Disaster Lv 2,Ability,2,,,
mg900_00_20,Disaster Lv 3,Ability,3,,,
mg900_00_30,Disaster Lv 4,Ability,4,,,
mg900_00_40,Disaster Lv 5,Ability,5,,,
ms900_00_00,Ultima Lv 1,Ability,1,,,
ms900_00_10,Ultima Lv 2,Ability,2,,,
ms900_00_20,Ultima Lv 3,Ability,3,,,
ms900_00_30,Ultima Lv 4,Ability,4,,,
ms900_00_40,Ultima Lv 5,Ability,5,,,
ms910_00_00,Elementaga Lv 1,Ability,1,,,
ms910_00_10,Elementaga Lv 2,Ability,2,,,
ms910_00_20,Elementaga Lv 3,Ability,3,,,
ms910_00_30,Elementaga Lv 4,Ability,4,,,
ms910_00_40,Elementaga Lv 5,Ability,5,,,
acc_a_0000,Fighter's Emblem,Accessory,3,,,
acc_a_0001,Fighter's Emblem+,Accessory,5,,,
acc_a_0002,Warrior's Emblem,Accessory,7,,,
acc_a_0010,Magician's Token,Accessory,3,,,
acc_a_0011,Magician's Token+,Accessory,5,,,
acc_a_0012,Sorcerer's Token,Accessory,7,,,
acc_a_0020,Samurai's Comb,Accessory,3,,,
acc_a_0021,Samurai's Comb+,Accessory,5,,,
acc_a_0022,Tycoon's Comb,Accessory,7,,,
acc_a_0030,Wolf's Emblem,Accessory,3,,,
acc_a_0031,Wolf's Emblem+,Accessory,5,,,
acc_a_0032,Tiger's Emblem,Accessory,7,,,
acc_a_0040,Imp's Crest,Accessory,3,,,
acc_a_0041,Imp's Crest+,Accessory,5,,,
acc_a_0042,Djinn's Crest+,Accessory,7,,,
acc_a_1000,Soldier's Tie,Accessory,3,,,
acc_a_1001,Soldier's Tie+,Accessory,5,,,
acc_a_1002,General's Tie,Accessory,7,,,
acc_a_1010,Mage's Turban,Accessory,3,,,
acc_a_1011,Mage's Turban+,Accessory,5,,,
acc_a_1012,Shaman's Turban,Accessory,7,,,
acc_a_1020,Warrior's Plume,Accessory,3,,,
acc_a_1021,Warrior's Plume+,Accessory,5,,,
acc_a_1022,Commander's Plume,Accessory,7,,,
acc_a_1030,Guard's Cravat,Accessory,3,,,
acc_a_1031,Guard's Cravat+,Accessory,5,,,
acc_a_1032,Imperial Guard's Cravat,Accessory,7,,,
acc_a_1040,Spiritual Veil,Accessory,3,,,
acc_a_1041,Spiritual Veil+,Accessory,5,,,
acc_a_1042,Mystic Veil,Accessory,7,,,
acc_a_1100,Flamebane Choker,Accessory,3,,,
acc_a_1101,Flamebane Choker+,Accessory,5,,,
acc_a_1102,Flameshield Choker,Accessory,7,,,
acc_a_1110,Frostbane Choker,Accessory,3,,,
acc_a_1111,Frostbane Choker+,Accessory,5,,,
acc_a_1112,Frostshield Choker,Accessory,7,,,
acc_a_1120,Sparkbane Choker,Accessory,3,,,
acc_a_1121,Sparkbane Choker+,Accessory,5,,,
acc_a_1122,Sparkshield Choker,Accessory,7,,,
acc_a_1130,Stormbane Choker,Accessory,3,,,
acc_a_1131,Stormbane Choker+,Accessory,5,,,
acc_a_1132,Stormshield Choker,Accessory,7,,,
acc_a_1140,Tri-Point Coronet,Accessory,3,,,
acc_a_1141,Tri-Point Coronet+,Accessory,5,,,
acc_a_1142,Tri-Point Crown,Accessory,7,,,
acc_a_3000,Twist Headband,Accessory,3,,,
acc_a_3001,Twist Headband+,Accessory,5,,,
acc_a_3002,Guts Headband,Accessory,7,,,
acc_a_3010,Corsair Scarf,Accessory,3,,,
acc_a_3011,Corsair Scarf+,Accessory,5,,,
acc_a_3012,Pirate Scarf,Accessory,7,,,
acc_a_3020,Promised Necklace,Accessory,3,,,
acc_a_3021,Promised Necklace+,Accessory,5,,,
acc_a_3022,Avowed Necklace,Accessory,7,,,
acc_a_4100,Satin Scrunchie,Accessory,3,,,
acc_a_4101,Satin Scrunchie+,Accessory,5,,,
acc_a_4102,Ribbon,Accessory,7,,,
acc_a_5000,Zirconia Brooch,Accessory,3,,,
acc_a_5001,Zirconia Brooch+,Accessory,5,,,
acc_a_5002,Mythril Brooch,Accessory,7,,,
acc_a_5010,Corundum Pin,Accessory,3,,,
acc_a_5011,Corundum Pin+,Accessory,5,,,
acc_a_5012,Vajra Pin,Accessory,7,,,
acc_a_5100,Silver Barrette,Accessory,3,,,
acc_a_5101,Silver Barrette+,Accessory,5,,,
acc_a_5102,Platinum Barrette,Accessory,7,,,
acc_a_5200,Silk Scarf,Accessory,3,,,
acc_a_5201,Silk Scarf+,Accessory,5,,,
acc_a_5202,Dragoon Scarf,Accessory,7,,,
acc_a_8000,Demon Earrings,Accessory,3,,,
acc_a_8001,Demon Earrings+,Accessory,5,,,
acc_a_8002,Devil Earrings,Accessory,7,,,
acc_a_8010,Sparrow Comb,Accessory,3,,,
acc_a_8011,Sparrow Comb+,Accessory,5,,,
acc_a_8012,Swallowtail,Accessory,7,,,
acc_a_8120,Angel's Headband,Accessory,3,,,
acc_a_8121,Angel's Headband+,Accessory,5,,,
acc_a_8122,Angel's Halo,Accessory,7,,,
acc_a_8130,Cursed Band,Accessory,3,,,
acc_a_8131,Cursed Band+,Accessory,5,,,
acc_a_8132,Ill Will Band,Accessory,7,,,
acc_a_8200,Fencer's Earrings,Accessory,3,,,
acc_a_8201,Fencer's Earrings+,Accessory,5,,,
acc_a_8202,Duelist's Earrings,Accessory,7,,,
acc_a_8210,Witch's Rosary,Accessory,3,,,
acc_a_8211,Witch's Rosary+,Accessory,5,,,
acc_a_8212,Devil's Rosary,Accessory,7,,,
acc_a_8300,Soul of Thamasa,Accessory,3,,,
acc_a_8301,Soul of Thamasa+,Accessory,5,,,
acc_a_8302,Soul of Minwu,Accessory,7,,,
acc_a_8310,Locket Pendant,Accessory,3,,,
acc_a_8311,Locket Pendant+,Accessory,5,,,
acc_a_8312,Locket Necklace,Accessory,7,,,
acc_a_8400,Swift Ornament,Accessory,3,,,
acc_a_8401,Swift Ornament+,Accessory,5,,,
acc_a_8402,Falcon Ornament,Accessory,7,,,
acc_a_8410,Sight's Circlet,Accessory,3,,,
acc_a_8411,Sight's Circlet+,Accessory,5,,,
acc_a_8412,Determined Tiara,Accessory,7,,,
acc_a_9000,Early-blooming Corsage,Accessory,3,,,
acc_a_9001,Early-blooming Corsage+,Accessory,5,,,
acc_a_9002,Charging Chaplet,Accessory,7,,,
acc_a_9010,Fireseal Jewel,Accessory,3,,,
acc_a_9011,Fireseal Jewel+,Accessory,5,,,
acc_a_9012,Firesup Malcreous,Accessory,7,,,
acc_a_9020,Frostseal Jewel,Accessory,3,,,
acc_a_9021,Frostseal Jewel+,Accessory,5,,,
acc_a_9022,Frostsup Malcreous,Accessory,7,,,
acc_a_9030,Sparkseal Jewel,Accessory,3,,,
acc_a_9031,Sparkseal Jewel+,Accessory,5,,,
acc_a_9032,Sparksup Malcreous,Accessory,7,,,
acc_a_9040,Stormseal Jewel,Accessory,3,,,
acc_a_9041,Stormseal Jewel+,Accessory,5,,,
acc_a_9042,Stormsup Malcreous,Accessory,7,,,
acc_a_9050,Ghostly Hood,Accessory,3,,,
acc_a_9051,Ghostly Hood+,Accessory,5,,,
acc_a_9052,Ghostly Crown,Accessory,7,,,
acc_a_9060,Preta Hood,Accessory,3,,,
acc_a_9061,Preta Hood+,Accessory,5,,,
acc_a_9062,Preta Crown,Accessory,7,,,
acc_a_9070,Wild Crest,Accessory,3,,,
acc_a_9071,Wild Crest+,Accessory,5,,,
acc_a_9072,Beast Mane,Accessory,7,,,
acc_a_9080,Devil Crest,Accessory,3,,,
acc_a_9081,Devil Crest+,Accessory,5,,,
acc_a_9082,Demon Mane,Accessory,7,,,
acc_a_9090,Irondragon Scale,Accessory,3,,,
acc_a_9091,Irondragon Scale+,Accessory,5,,,
acc_a_9092,Armor Plate,Accessory,7,,,
acc_a_9100,Dreamdragon's Scale,Accessory,3,,,
acc_a_9101,Dreamdragon's Scale+,Accessory,5,,,
acc_a_9102,Mythical Scale,Accessory,7,,,
acc_a_9110,Warrior Hunter's Mask,Accessory,3,,,
acc_a_9111,Warrior Hunter's Mask+,Accessory,5,,,
acc_a_9112,Face of the Warrior's Nemesis,Accessory,7,,,
acc_a_9120,Mage Hunter's Mask,Accessory,3,,,
acc_a_9121,Mage Hunter's Mask+,Accessory,5,,,
acc_a_9122,Face of the Mage's Nemesis,Accessory,7,,,
acc_a_9130,Sapping Hood,Accessory,3,,,
acc_a_9131,Sapping Hood+,Accessory,5,,,
acc_a_9132,Destructive Headdress,Accessory,7,,,
acc_a_9140,Crippling Hood,Accessory,3,,,
acc_a_9141,Crippling Hood+,Accessory,5,,,
acc_a_9142,Deranged Headdress,Accessory,7,,,
acc_a_9150,Bandit Scarf,Accessory,3,,,
acc_a_9151,Bandit Scarf+,Accessory,5,,,
acc_a_9152,Sky Pirate's Scarf,Accessory,7,,,
acc_a_9160,Coldflame Droplet,Accessory,3,,,
acc_a_9161,Coldflame Droplet+,Accessory,5,,,
acc_a_9162,Icy Inferno,Accessory,7,,,
acc_a_9170,Thunderstorm Droplet,Accessory,3,,,
acc_a_9171,Thunderstorm Droplet+,Accessory,5,,,
acc_a_9172,Eye of the Storm,Accessory,7,,,
acc_a_9180,Skeleton's Earrings,Accessory,3,,,
acc_a_9181,Skeleton's Earrings+,Accessory,5,,,
acc_a_9182,Skull,Accessory,7,,,
acc_a_9190,Warrior's Headband,Accessory,3,,,
acc_a_9191,Warrior's Headband+,Accessory,5,,,
acc_a_9192,Rakshasa Ring,Accessory,7,,,
acc_a_9200,Falcon Charm,Accessory,3,,,
acc_a_9201,Strahl Charm,Accessory,5,,,
acc_a_9202,Highwind Charm,Accessory,7,,,
acc_a_9210,Diamond Matinee Necklace,Accessory,3,,,
acc_a_9211,Orichalc Matinee Necklace,Accessory,5,,,
acc_a_9212,Crystal Matinee Necklace,Accessory,7,,,
acc_a_9220,Toasty Shawl,Accessory,3,,,
acc_a_9221,Toasty Shawl+,Accessory,5,,,
acc_a_9222,Fuzzy Wool Shawl,Accessory,7,,,
acc_b_1000,Guard Glove,Accessory,4,,,
acc_b_1010,Runic Ring,Accessory,4,,,
acc_b_4110,Giant's Vambrace,Accessory,4,,,
acc_b_4120,Mage's Gloves,Accessory,4,,,
acc_b_4130,Metal Armband,Accessory,4,,,
acc_b_4140,Serenity Sachet,Accessory,4,,,
acc_b_4150,Pretty Orb,Accessory,4,,,
acc_b_4160,Star Bracelet,Accessory,4,,,
acc_b_4170,Nacre Cameo,Accessory,4,,,
acc_b_4180,Warding Talisman,Accessory,4,,,
acc_b_4190,Pain Dampener,Accessory,4,,,
acc_b_4200,White Strap,Accessory,4,,,
acc_b_4210,Rainbow Gem,Accessory,4,,,
acc_b_6030,Firewyrm Bracelet,Accessory,4,,,
acc_b_6040,Watergod Bracelet,Accessory,4,,,
acc_b_6050,Thunderbird Bracelet,Accessory,4,,,
acc_b_6060,Windwalker Bracelet,Accessory,4,,,
acc_b_6100,Thorn of Protection,Accessory,4,,,
acc_b_6110,Thorn of Warding,Accessory,4,,,
acc_b_6120,Thorn of Aggression,Accessory,4,,,
acc_b_6200,Thorn of Courage,Accessory,4,,,
acc_b_6210,Thorn of Will,Accessory,4,,,
acc_b_6220,Thorn of Speed,Accessory,4,,,
acc_b_7010,Healer's Lore,Accessory,4,,,
acc_b_7020,Collector Catalog,Accessory,4,,,
acc_b_7100,Demon Claw,Accessory,4,,,
acc_b_7110,Beggar's Beads,Accessory,4,,,
acc_b_7200,Dawn Gauntlets,Accessory,4,,,
acc_b_9000,Enlister's Gloves,Accessory,4,,,
acc_b_9010,Sniper's Gloves,Accessory,4,,,
acc_b_9020,Flameward Bangle,Accessory,4,,,
acc_b_9030,Frostward Bangle,Accessory,4,,,
acc_b_9040,Sparkward Bangle,Accessory,4,,,
acc_b_9050,Stormward Bangle,Accessory,4,,,
acc_b_9060,Kiai Wrist,Accessory,4,,,
acc_b_9070,Forsaken Tie,Accessory,4,,,
acc_b_9080,Tenacious Ring,Accessory,4,,,
acc_b_9090,Lucky Dice,Accessory,4,,,
cos_ba00,Equilibrium,Garb,4,,,
cos_ba01,Vengeance,Garb,6,,,
cos_ba02,Vigilance,Garb,6,,,
cos_ba03,Innocence,Garb,6,,,
cos_ba04,Ultimatus,Garb,8,,,
cos_ba05,Divergence,Garb,6,,,
cos_ba06,Providence,Garb,5,,,
cos_ba08,Equilibrium+,Garb,7,,,
cos_ca00,Dark Muse,Garb,4,,,
cos_ca01,Helter Skelter,Garb,7,,,
cos_ca02,Electronica,Garb,5,,,
cos_ca03,Witching Hour,Garb,6,,,
cos_ca04,Candy Raver,Garb,6,,,
cos_ca05,Woodland Walker,Garb,5,,,
cos_ca06,Sand Fox,Garb,6,,,
cos_ca08,Dark Muse+,Garb,7,,,
cos_da00,L'ange Noir,Garb,5,,,
cos_da01,Cyber Jumpsuit,Garb,5,,,
cos_da02,Passion Rouge,Garb,5,,,
cos_da03,L'automne,Garb,6,,,
cos_da04,Martial Monk,Garb,5,,,
cos_da05,Duelist,Garb,7,,,
cos_da06,Black Mage,Garb,5,,,
cos_ea00,Dust and Shadow,Garb,5,,,
cos_ea01,White Mage,Garb,5,,,
cos_ea02,Blue Mage,Garb,6,,,
cos_ea03,Sun and Bloom,Garb,6,,,
cos_ea04,Stone and Sand,Garb,8,,,
cos_ea05,Hunter of the Wild,Garb,6,,,
cos_ea06,Soldier of Peace,Garb,6,,,
cos_fa00,Midnight Mauve,Garb,6,Key,,
cos_fa01,Black Rose,Garb,8,,,
cos_fa02,Crimson Bloom,Garb,8,,,
cos_fa03,Icy White,Garb,8,,,
cos_fa04,Dark Orchid,Garb,6,,,
cos_fa05,Champagne Gold,Garb,6,,,
cos_fa06,Violet Twilight,Garb,8,,,
cos_ga00,Splendid Admiral,Garb,6,,,
cos_ga01,Quiet Guardian,Garb,5,,,
cos_ga02,Loyal Servant,Garb,6,,,
cos_ga03,Bold Vanguard,Garb,5,,,
cos_ga04,Velvet Bouncer,Garb,5,,,
cos_ga05,Cold Rebellion,Garb,5,,,
cos_ga06,Red Mage,Garb,5,,,
cos_ha00,Nocturne,Garb,5,,,
cos_ha01,Paladin,Garb,6,,,
cos_ha02,Deja Vu,Garb,6,,,
cos_ha03,Danse Macabre,Garb,5,,,
cos_ha04,School's Out,Garb,8,,,
cos_ha05,Lilitu,Garb,8,,,
cos_ha06,La Fouldre,Garb,7,,,
cos_ia00,Heartstealer,Garb,5,,,
cos_ia01,Primavera,Garb,5,,,
cos_ia02,Urban Outlaw,Garb,6,,,
cos_ia03,Dangerous Blossom,Garb,5,,,
cos_ia04,Hidden Justice,Garb,6,,,
cos_ia05,Ignition,Garb,5,,,
cos_ia06,Intruder,Garb,6,,,
cos_ja00,Mist Wizard,Garb,4,,,
cos_ja01,Watery Chorus,Garb,5,,,
cos_ja02,Purple Lightning,Garb,6,,,
cos_ja03,Carnaval Crusher,Garb,6,,,
cos_ja04,Rhapsody in Rose,Garb,6,,,
cos_ja05,Nightmare,Garb,6,,,
cos_ja06,Amazon Warrior,Garb,5,,,
cos_ja08,Mist Wizard+,Garb,7,,,
cos_ka00,Dragoon,Garb,6,,,
cos_ka01,Dark Knight,Garb,6,,,
cos_ka02,Dragon's Blood,Garb,6,,,
cos_ka03,Sacred Knight,Garb,6,,,
cos_ka04,Shadow Trooper,Garb,6,,,
cos_ka05,Astral Lord,Garb,6,,,
cos_ka06,Pallas Athena,Garb,4,,,
cos_ka08,Siegfried,Garb,5,,,
cos_la00,Miqo'te Dress,Garb,8,,,
cos_ma00,Guardian Corps,Garb,3,,,
cos_na00,Knight of Etro,Garb,3,,,
cos_oa00,Spira's Summoner,Garb,8,,,
cos_pa00,Sphere Hunter,Garb,8,,,
cos_ra00,SOLDIER 1st Class,Garb,5,,,
cos_zb00,Shogun,Garb,5,,,
cos_zb01,Shining Prince,Garb,5,,,
cos_zb02,Dark Samurai,Garb,5,,,
cos_zb03,Sohei Savior,Garb,5,,,
cos_zb04,Utsusemi,Garb,5,,,
cos_zb05,Art of War,Garb,5,,,
cos_zb06,Flower of Battle,Garb,5,,,
cos_zc00,Tomb Raider,Garb,6,,,
cos_zd00,Cosmocrator,Garb,8,,,
cos_ze00,Moogle Queen,Garb,8,,,
cos_zf00,Celestial Body,Garb,8,,,
e003,Lucky Clover,Adornment,1,,,
e004,Tropical Tree,Adornment,1,,,
e010,Single Horn,Adornment,1,,,
e011,Antler,Adornment,1,,,
e012,Odin's Horn,Adornment,1,,,
e013,Shooting Star,Adornment,1,Remove,,
e014,Cute Heart,Adornment,1,Remove,,
e015,Halo,Adornment,1,,,
e016,Wind-Up Halo,Adornment,1,,,
e019,Light Bulb,Adornment,1,,,
e023,Cie'th Wings,Adornment,1,,,
e024,Moogle Wings,Adornment,1,,,
e026,Coronet,Adornment,1,,,
e027,Crown,Adornment,1,,,
e030,Railworker's Cap,Adornment,1,,,
e031,Railworker's Beret,Adornment,1,,,
e032,Black Mage's Hood,Adornment,1,,,
e033,Scholar's Mortarboard,Adornment,1,,,
e034,Chef's Hat,Adornment,1,,,
e037,Cute Bunny Ears,Adornment,1,,,
e038,Onion Knight's Helm,Adornment,1,,,
e039,Gold Anchor,Adornment,1,,,
e041,Tonberry's Lantern,Adornment,1,,,
e042,Summoner's Mask,Adornment,1,,,
e043,Ripe Apple,Adornment,1,,,
e044,Pumpkin Head,Adornment,1,,,
e046,Crystal Rose,Adornment,1,Remove,,
e047,Crystal Tear,Adornment,1,Remove,,
e048,Crystal Heart,Adornment,1,Remove,,
e049,Crystal Feather,Adornment,1,Remove,,
e050,Crystal Petal,Adornment,1,Remove,,
e051,Crystal Apple,Adornment,1,Remove,,
e052,Crystal Star,Adornment,1,Remove,,
e053,Tinkling Bell,Adornment,1,,,
e060,Crest of Pulse,Adornment,1,Remove,,
e061,Mark of Lindzei,Adornment,1,Remove,,
e062,Crest of Etro,Adornment,1,Remove,,
e065,Rangda Crest,Adornment,1,Remove,,
e066,Leyak Crest,Adornment,1,Remove,,
e067,Behemoth Crest,Adornment,1,Remove,,
e068,Canned Sheep Logo,Adornment,1,Remove,,
e069,Canned PuPu Logo,Adornment,1,Remove,,
e070,Dajh's Patch,Adornment,1,Remove,,
e072,Unicorn Mart Logo,Adornment,1,Remove,,
e073,Stormy Motors Logo,Adornment,1,Remove,,
e074,Flower Pattern,Adornment,1,,,
e078,Frying Pan,Adornment,1,,,
e079,Dull Grudge Knife,Adornment,1,,,
e080,Staff of Judgment,Adornment,1,,,
e081,Mog's Staff,Adornment,1,,,
e083,Fragment Crystal,Adornment,1,,,
e090,Cactuar Figurine,Adornment,1,,,
e091,Cute Cactuar Figurine,Adornment,1,,,
e092,Carbuncle Figurine,Adornment,1,,,
e093,Mog Figurine,Adornment,1,,,
e094,Miniflan Figurine,Adornment,1,,,
e096,Tonberry Figurine,Adornment,1,,,
e097,Fuzzy Sheep Figurine,Adornment,1,,,
e098,Afro,Adornment,1,,,
e103,Bandage,Adornment,1,Remove,,
e108,Serah Mask,Adornment,1,,,
e109,Lightning Mask,Adornment,1,,,
e110,Mog Mask,Adornment,1,,,
e111,Retro Serah Mask,Adornment,1,,,
e112,Retro Lightning Mask,Adornment,1,,,
e113,Retro Mog Mask,Adornment,1,,,
e200,Blue Flower,Adornment,1,,,
e201,Pink Flower,Adornment,1,,,
e202,White Flower,Adornment,1,,,
e203,Purple Flower,Adornment,1,,,
e204,Frost Tree,Adornment,1,,,
e205,Suspicious Mushroom,Adornment,1,,,
e206,Toxic Mushroom,Adornment,1,,,
e207,Noonblue Butterfly,Adornment,1,,,
e208,Sunny Butterfly,Adornment,1,,,
e209,Gold Windup Key,Adornment,1,,,
e210,Aqua Ribbon,Adornment,1,,,
e211,Pink Ribbon,Adornment,1,,,
e212,Brass Gear,Adornment,1,,,
e213,Red Chocobo Figurine,Adornment,1,,,
e214,Blue Chocobo Figurine,Adornment,1,,,
e215,Purple Chocobo Figurine,Adornment,1,,,
e216,White Chocobo Figurine,Adornment,1,,,
e217,Black Chocobo Figurine,Adornment,1,,,
e218,Silver Chocobo Figurine,Adornment,1,,,
e219,Gold Chocobo Figurine,Adornment,1,,,
e220,Youthful Parasol,Adornment,1,,,
e221,Sentimental Parasol,Adornment,1,,,
e222,Blue Propeller,Adornment,1,,,
e223,Red Propeller,Adornment,1,,,
e224,Blue Moogle Bobble,Adornment,1,,,
e226,Water Spirit Wings,Adornment,1,,,
e227,Snowy Spirit Wings,Adornment,1,,,
e228,Orange Newsboy Cap,Adornment,1,,,
e229,Pink Newsboy Cap,Adornment,1,,,
e230,Red Silk Hat,Adornment,1,,,
e231,Sky Blue Silk Hat,Adornment,1,,,
e232,Blue Mage's Chapeau,Adornment,1,,,
e233,Love-struck Party Hat,Adornment,1,,,
e234,Bubbly Party Hat,Adornment,1,,,
e235,Prophetic Headdress,Adornment,1,,,
e236,Vanguard Headdress,Adornment,1,,,
e237,Strawberry Ice Cream,Adornment,1,,,
e238,Rum Raisin Ice Cream,Adornment,1,,,
e239,Yellow Bow Tie,Adornment,1,,,
e240,Orange Bow Tie,Adornment,1,,,
e241,Yellow-rimmed Glasses,Adornment,1,,,
e242,Pink-rimmed Glasses,Adornment,1,,,
e243,Twilight Shades,Adornment,1,,,
e244,Urban Shades,Adornment,1,,,
e245,Masquerade Mask,Adornment,1,,,
e246,Carnival Mask,Adornment,1,,,
e247,Regent's Mustache,Adornment,1,,,
e248,Dandy's Mustache,Adornment,1,,,
e249,Gentleman's Beard,Adornment,1,,,
e250,Craftsman's Beard,Adornment,1,,,
e251,Lebreau's Black Tattoo,Adornment,1,Remove,,
e252,Lebreau's Green Tattoo,Adornment,1,Remove,,
e253,Gadot's Black Emblem,Adornment,1,Remove,,
e254,Gadot's Blue Emblem,Adornment,1,Remove,,
e255,Black Tattoo,Adornment,1,Remove,,
e256,Pink Tattoo,Adornment,1,Remove,,
e257,Sky Blue NORA Symbol,Adornment,1,Remove,,
e258,Green NORA Symbol,Adornment,1,Remove,,
e259,Blue Feather Pin,Adornment,1,,,
e260,Dusk Feather Pin,Adornment,1,,,
e261,Leather Rucksack,Adornment,1,,,
e262,Pink Rucksack,Adornment,1,,,
e263,Warning Beacon,Adornment,1,,,
e264,Emergency Beacon,Adornment,1,,,
e265,Aerial Guard's Badge,Adornment,1,Remove,,
e266,Mobile Guard's Badge,Adornment,1,Remove,,
e267,Medic Guard's Badge,Adornment,1,Remove,,
e268,Commissioned Pilot's Badge,Adornment,1,Remove,,
e269,Salvage Pilot's Badge,Adornment,1,Remove,,
e270,Training Pilot's Badge,Adornment,1,Remove,,
e271,PSICOM Air Medal,Adornment,1,Remove,,
e272,PSICOM Mobile Medal,Adornment,1,Remove,,
e273,PSICOM Medic Medal,Adornment,1,Remove,,
e274,Silver Medal,Adornment,1,Remove,,
e275,Bronze Medal,Adornment,1,Remove,,
e278,Red Chocobo Chick,Adornment,1,,,
e279,Blue Chocobo Chick,Adornment,1,,,
e280,Purple Chocobo Chick,Adornment,1,,,
e281,White Chocobo Chick,Adornment,1,,,
e282,Black Chocobo Chick,Adornment,1,,,
e283,Silver Chocobo Chick,Adornment,1,,,
e284,Gold Chocobo Chick,Adornment,1,,,
e285,Afro & Red Chick,Adornment,1,,,
e286,Afro & Blue Chick,Adornment,1,,,
e287,Afro & Purple Chick,Adornment,1,,,
e288,Afro & White Chick,Adornment,1,,,
e289,Afro & Black Chick,Adornment,1,,,
e290,Afro & Silver Chick,Adornment,1,,,
e291,Afro & Gold Chick,Adornment,1,,,
e292,Silver Padlock,Adornment,1,,,
e293,Long Gui's Shell,Adornment,1,,,
e294,White Guitar,Adornment,1,,,
e295,Blue Guitar,Adornment,1,,,
e296,Silvered Insignia,Adornment,1,Remove,,
e297,Replica PSICOM Epaulet,Adornment,1,,,
e298,Celebrity's Charm,Adornment,1,,,
e301,Golden Flower,Adornment,1,,,
e302,Crimson Flower,Adornment,1,,,
e303,Festive Tree,Adornment,1,,,
e304,Delicious Mushroom,Adornment,1,,,
e305,Twilight Butterfly,Adornment,1,,,
e306,Silver Windup Key,Adornment,1,,,
e307,Yellow Ribbon,Adornment,1,,,
e308,Nickel Gear,Adornment,1,,,
e309,Chocobo Figurine,Adornment,1,,,
e310,Summery Parasol,Adornment,1,,,
e311,Yellow Propeller,Adornment,1,,,
e312,Pink Moogle Bobble,Adornment,1,,,
e313,Nymph Wings,Adornment,1,,,
e314,Blue Newsboy Cap,Adornment,1,,,
e315,Formal Silk Hat,Adornment,1,,,
e316,Red Mage's Chapeau,Adornment,1,,,
e317,Thrilling Party Hat,Adornment,1,,,
e318,Ceremonial Headdress,Adornment,1,,,
e319,Mint Chip Ice Cream,Adornment,1,,,
e320,Red Bow Tie,Adornment,1,,,
e321,Black-rimmed Glasses,Adornment,1,,,
e322,Dark Knight's Shades,Adornment,1,,,
e323,Queen's Mask,Adornment,1,,,
e324,Bushy Mustache,Adornment,1,,,
e325,Seadog's Beard,Adornment,1,,,
e326,Lebreau's Rainbow Tattoo,Adornment,1,,,
e327,Gadot's Red Emblem,Adornment,1,,,
e328,Tribal Tattoo,Adornment,1,,,
e329,NORA Logo,Adornment,1,,,
e330,Chocobo Feather Pin,Adornment,1,,,
e331,Dragon Hide Backpack,Adornment,1,,,
e332,Caution Beacon,Adornment,1,,,
e333,Guardian Corps Badge,Adornment,1,,,
e334,Replica Pilot's Badge,Adornment,1,,,
e335,Replica PSICOM Emblem,Adornment,1,,,
e336,Gold Medal,Adornment,1,,,
e338,Chocobo Chick,Adornment,1,,,
e339,Afro & Yellow Chick,Adornment,1,,,
e340,Gold Padlock,Adornment,1,,,
e341,Adamantoise Shell,Adornment,1,,,
e342,Electric Guitar,Adornment,1,,,
e343,Golden Insignia,Adornment,1,Remove,,
e344,PSICOM Officer Epaulets,Adornment,1,,,
e345,Lady's Brooch,Adornment,1,,,
e500,Lightning's Shades,Adornment,1,,,
e501,Reflective Shades,Adornment,1,,,
e502,Elegant Shades,Adornment,1,,,
e503,Balmy Shades,Adornment,1,,,
e504,Dancefloor Shades,Adornment,1,,,
e505,Ocean Shades,Adornment,1,,,
e506,Dreamy Shades,Adornment,1,,,
e507,City Shades,Adornment,1,,,
e508,Wild Shades,Adornment,1,,,
e509,Whimsy Shades,Adornment,1,,,
e510,Killer Shades,Adornment,1,,,
e511,Playboy Shades,Adornment,1,,,
e512,Exotic Shades,Adornment,1,,,
e513,Scholar's Glasses,Adornment,1,,,
e514,Business Eyewear,Adornment,1,,,
e515,Steamy Glasses,Adornment,1,,,
e516,Girlish Glasses,Adornment,1,,,
e517,Cool Glasses,Adornment,1,,,
e518,Green Glasses,Adornment,1,,,
e519,Retro Scopes,Adornment,1,,,
e520,Heart Glasses,Adornment,1,,,
e521,Smiley Glasses,Adornment,1,,,
e522,Frosty Glasses,Adornment,1,,,
e523,Angelic Glasses,Adornment,1,,,
e524,Cyber Scanners,Adornment,1,,,
e525,Monoculus Mask,Adornment,1,,,
e526,Raven Mask,Adornment,1,,,
e527,Golden Mask,Adornment,1,,,
e528,Moonlight Mask,Adornment,1,,,
e529,Crimson Mask,Adornment,1,,,
e530,Pioneer's Eyepatch,Adornment,1,,,
e531,Zebra-print Eyepatch,Adornment,1,,,
e532,Snakeskin Eyepatch,Adornment,1,,,
e533,Lovely Eyepatch,Adornment,1,,,
e534,Glam Hat,Adornment,1,,,
e535,Thief's Silk Hat,Adornment,1,,,
e536,Lady's Silk Hat,Adornment,1,,,
e537,Clown's Silk Hat,Adornment,1,,,
e538,Cowboy Hat,Adornment,1,,,
e539,Straw Hat,Adornment,1,,,
e540,Snakeskin Hat,Adornment,1,,,
e541,Safari Hat,Adornment,1,,,
e542,Boater Hat,Adornment,1,,,
e543,Vacation Hat,Adornment,1,,,
e544,Green Straw Hat,Adornment,1,,,
e545,Floppy Sun Hat,Adornment,1,,,
e546,Painter's Beret,Adornment,1,,,
e547,Order of Salvation Cap,Adornment,1,,,
e548,Dogtooth Beret,Adornment,1,,,
e549,Pro's Beret,Adornment,1,,,
e550,Sailor's Tricorne,Adornment,1,,,
e551,Hotblooded Tricorne,Adornment,1,,,
e552,Brigand's Tricorne,Adornment,1,,,
e553,Priest's Tricorne,Adornment,1,,,
e554,Witch's Pointy Hat,Adornment,1,,,
e555,Scholar's Peaked Hat,Adornment,1,,,
e556,Dapper Hat,Adornment,1,,,
e557,Hermit's Cap,Adornment,1,,,
e558,Crown of Passion,Adornment,1,,,
e559,Crown of Purity,Adornment,1,,,
e560,Crown of Youth,Adornment,1,,,
e561,Crown of Light,Adornment,1,,,
e562,Crown of Splendor,Adornment,1,,,
e563,Bow of Aestheticism,Adornment,1,,,
e564,Passionate Corsage,Adornment,1,,,
e565,Sweet Corsage,Adornment,1,,,
e566,Perky Corsage,Adornment,1,,,
e567,Lunar Circlet,Adornment,1,,,
e568,Honored Circlet,Adornment,1,,,
e569,Brave Circlet,Adornment,1,,,
e570,Holy Circlet,Adornment,1,,,
e571,White Cat Ears,Adornment,1,,,
e572,Black Cat Ears,Adornment,1,,,
e573,Violet Cat Ears,Adornment,1,,,
e574,Wildcat Ears,Adornment,1,,,
e575,Adult Bunny Ears,Adornment,1,,,
e576,Enticing Bunny Ears,Adornment,1,,,
e577,Wild Bunny Ears,Adornment,1,,,
e578,Dark Devil Ears,Adornment,1,,,
e579,Dazzling Devil Ears,Adornment,1,,,
e580,Pure Angel Ears,Adornment,1,,,
e581,Cautious Devil Ears,Adornment,1,,,
e582,Pure Earrings,Adornment,1,,,
e583,Pure Pendant,Adornment,1,,,
e584,Heaven's Banner,Adornment,1,,,
e585,Egotist's Banner,Adornment,1,,,
e586,Herald's Banner,Adornment,1,,,
e587,Lord's Banner,Adornment,1,,,
e588,Fairy Tail,Adornment,1,,,
e589,Imp Tail,Adornment,1,,,
e590,Merry Tail,Adornment,1,,,
e591,Untamed Tail,Adornment,1,,,
e592,Fluffy Tail,Adornment,1,,,
e593,Shadow Tail,Adornment,1,,,
e594,Wagging Tail,Adornment,1,,,
e595,Leopard Tail,Adornment,1,,,
e596,Maiden's Beret,Adornment,1,,,
e597,Guard's Cap,Adornment,1,,,
e598,Warm Beret,Adornment,1,,,
e599,Herringbone Beret,Adornment,1,,,
e600,Deathless Mask,Adornment,1,,,
e601,White Mage's Hat,Adornment,1,,,
e602,Moogle Hat,Adornment,1,,,
e603,Chocobo Girl's Cap,Adornment,1,,,
e604,Chocoberet,Adornment,1,,,
e605,Ivy Banner,Adornment,1,,,
e606,Earth Banner,Adornment,1,,,
e607,Sun Banner,Adornment,1,,,
e608,Sky Banner,Adornment,1,,,
e609,Apricot Banner,Adornment,1,,,
e610,Banner of Charity,Adornment,1,,,
e611,Sapling Banner,Adornment,1,,,
e612,Tiara of the Goddess,Adornment,1,,,
e702,Shogun's Mustache,Adornment,1,,,
e703,Millionaire's Mustache,Adornment,1,,,
e704,Servant's Mustache,Adornment,1,,,
e705,Saint's Beard,Adornment,1,,,
e706,Scholar's Beard,Adornment,1,,,
e707,Politician's Beard,Adornment,1,,,
gil_l_000,Bronzed Medal,Material,2,,,
gil_l_010,Silvered Medal,Material,3,,,
gil_l_020,Crystal Medal,Material,5,,,
gil_r_000,Gold Dust,Material,6,,,
gil_r_010,Platinum Ore,Material,8,,,
it_atel,Ether,Item,7,,400000,3
it_brave,Bravery Potion,Item,4,,,1
it_elixir,Elixir,Item,10,,2000000,8
it_enaero,Enaero Potion,Item,5,,,2
it_enfire,Enfire Potion,Item,5,,,2
it_enfrost,Enfrost Potion,Item,5,,,2
it_enthunder,Enthunder Potion,Item,5,,,2
it_expotion,X-Potion,Item,3,,,
it_faith,Faith Potion,Item,4,,,1
it_grace,Holy Water,Item,3,,,
it_guts,Vigilance Potion,Item,3,,,1
it_haste,Haste Potion,Item,4,,,1
it_hero,Hero's Potion,Item,6,,4300,
it_hiatel,Turbo Ether,Item,9,,900000,5
it_hpotion,Hi-Potion,Item,2,,,1
it_lowelxr,Refresher,Item,4,,,2
it_phenxbl,Phoenix Wing,Item,4,,,
it_phenxtal,Phoenix Down,Item,4,,,
it_potion,Potion,Item,1,,,1
it_protect,Protect Potion,Item,2,,,1
it_regen,Regen Potion,Item,2,,,
it_reraise,Reraise Potion,Item,6,,2500,
it_shell,Shell Potion,Item,2,,,1
it_unico,Mega Remedy,Item,4,,,
it_universal,Remedy,Item,2,,,1
it_upper,Warrior's Potion,Item,5,,,
it_veil,Veil Potion,Item,2,,,1
it_war,Crusader's Potion,Item,5,,,
it_ydrink5,Nektar of the Gods Omega,Item,6,,,2
mat_abi_0_00,Bronze Malistone,Material,1,,400,
mat_abi_0_01,Silver Malistone,Material,2,,700,
mat_abi_0_02,Gold Malistone,Material,3,,1200,
mat_abi_0_03,Platinum Malistone,Material,4,,2000,
mat_abi_0_04,Mythril Malistone,Material,5,,4000,
mat_abi_0_05,Adamant Malistone,Material,6,,9000,
mat_abi_0_06,Scarletite Malistone,Material,7,,15000,
mat_abi_0_07,Orichalc Malistone,Material,8,,28000,
mat_abi_0_08,Crystal Malistone,Material,9,,54000,
mat_cus_0_00,Mighty Material,Material,1,,100,
mat_cus_0_01,Sword Polisher,Material,2,,600,
mat_cus_0_02,Shield Polisher,Material,2,,600,
mat_cus_0_03,Holy Forgefire,Material,4,,4000,
mat_cus_0_04,Demonic Forgefire,Material,4,,4000,
mat_cus_0_05,Life Smeltwater,Material,6,,12000,
mat_cus_0_06,Soul Smeltwater,Material,6,,12000,
mat_cus_0_07,Forgefire of Chaos,Material,8,,30000,
mat_cus_0_08,Forgefire of Order,Material,8,,30000,
mat_z_000,Tattered Leather,Material,2,,770,
mat_z_001,Vibrant Ooze,Material,3,,1900,
mat_z_002,Niblet Hairball,Material,2,,770,
mat_z_003,Slug Sweet,Material,2,,840,
mat_z_004,Monster Mince,Material,3,,2100,
mat_z_007,Clear Ooze,Material,3,,1500,
mat_z_008,Green Leather,Material,3,,2500,
mat_z_009,Radial Bearing,Material,2,,1300,
mat_z_010,Goblot Hairball,Material,4,,2900,
mat_z_011,Arboreal Spore,Material,3,,2700,
mat_z_012,Dead Man's Teeth,Material,3,,2100,
mat_z_013,Chipped Fang,Material,3,,2700,
mat_z_014,Shattered Bone,Material,6,,6600,
mat_z_015,Goopy Goo,Material,3,,2100,
mat_z_016,Pot Shard,Material,4,,3500,
mat_z_017,Dried Scale,Material,3,,1600,
mat_z_018,Wonder Gel,Material,4,,4100,
mat_z_019,Poisonous Sting,Material,3,,2700,
mat_z_020,Motor Coil,Material,3,,2700,
mat_z_021,Ether Coil,Material,4,,2900,
mat_z_022,Demon Spicule,Material,4,,4100,
mat_z_024,Organic Carapace,Material,8,,8800,
mat_z_028,Firewyrm Scale,Material,8,,8800,
mat_z_029,Quality Machine Oil,Material,8,,8800,
mat_z_030,Sinister Fang,Material,8,,8800,
mat_z_031,Stormdragon Down,Material,6,,5800,
mat_z_032,Green Monster Moss,Material,5,,5300,
mat_z_033,Desert Rose,Material,5,,4800,
mat_z_035,Single Eye,Material,8,,8800,
mat_z_036,AMP Chip,Material,8,,8800,
mat_z_044,Cactuar Doll,Material,8,,8800,
mat_z_045,Liquid Glass,Material,4,,4100,
shi_ba00,Prytwen,Shield,4,,,
shi_ba01,Pendragon,Shield,5,,,
shi_ba02,Dame du Lac,Shield,6,,,
shi_ba03,Guard of Avalon,Shield,7,,,
shi_ba04,Knight's Pledge,Shield,8,,,
shi_ca00,Double Cross,Shield,4,,,
shi_ca01,Deicide,Shield,5,,,
shi_ca02,Blasphemy,Shield,6,,,
shi_ca03,Infidel,Shield,7,,,
shi_ca04,Renegade,Shield,8,,,
shi_da00,Ghostly Bloom,Shield,4,,,
shi_da01,Il Nome Della Rosa,Shield,5,,,
shi_da02,Gilded Lily,Shield,6,,,
shi_da03,Noblesse Veronique,Shield,7,,,
shi_da04,Les Fleurs du Mal,Shield,8,,,
shi_ea00,Ultima Shield,Shield,10,,,
shi_ea01,Hesperides,Shield,4,,,
shi_ea02,Juno Sospita,Shield,5,,,
shi_ea03,Megalesia,Shield,6,,,
shi_ea04,Nemesis,Shield,7,,,
shi_ea08,Night Lotus,Shield,8,,,
shi_fa00,Deirdre's Tears,Shield,4,,,
shi_fa01,Cleopatra's Praise,Shield,5,,,
shi_fa02,Iseult's Lament,Shield,6,,,
shi_fa03,Kore Soteira,Shield,7,,,
shi_fa04,Juliet's Sorrow,Shield,8,,,
shi_ga00,Dragoon Gauntlet,Shield,4,,,
shi_ga01,Yale Gauntlet,Shield,5,,,
shi_ga02,Chiron Gauntlet,Shield,6,,,
shi_ga03,Echidna Gauntlet,Shield,7,,,
shi_ga04,Apis Gauntlet,Shield,8,,,
shi_ha00,Aquamarine Waltz,Shield,5,,,
shi_ha01,Amethyst Anthem,Shield,5,,,
shi_ha02,Carnelian Choir,Shield,7,,,
shi_ha03,Emerald Ensemble,Shield,7,,,
shi_ha04,Crystal Silence,Shield,8,,,
shi_ha05,Dark Discord,Shield,8,,,
shi_ia00,Lominsan Escutcheon,Shield,4,,,
shi_ia01,Ul'dahn Crest,Shield,5,,,
shi_ia02,Gridanian Sigil,Shield,6,,,
shi_ja00,Guardian Corps Shield,Shield,5,,,
shi_ka00,Goddess's Grace,Shield,5,,,
shi_la00,Summoner's Shield,Shield,5,,,
shi_ma00,Guardian's Protector,Shield,5,,,
shi_oa00,SOLDIER's Band,Shield,5,,,
shi_zb00,Thunderstruck,Shield,5,,,
shi_zb01,Final Border,Shield,5,,,
shi_zb02,Nightwalker,Shield,5,,,
shi_zb03,Fealty,Shield,5,,,
shi_zb04,Kaminari,Shield,5,,,
shi_zb05,Warning Sign,Shield,5,,,
shi_zb06,Rasa,Shield,5,,,
shi_zc00,Riot Shield,Shield,5,,,
shi_zd00,Abyss Gate,Shield,5,,,
shi_ze00,Mog's Shield,Shield,5,,,
shi_zf00,Aegis Shield,Shield,5,,,
wea_ba00,Hyperion,Weapon,4,,,
wea_ba01,Asterion,Weapon,5,,,
wea_ba02,Pygmalion,Weapon,6,,,
wea_ba03,Deucalion,Weapon,7,,,
wea_ba04,Endymion,Weapon,8,,,
wea_ca00,Scramasax,Weapon,4,,,
wea_ca01,Szczerbiec,Weapon,5,,,
wea_ca02,Morgenstern,Weapon,6,,,
wea_ca03,Macuahuitl,Weapon,7,,,
wea_ca04,Godendag,Weapon,8,,,
wea_da00,Femme Fatale,Weapon,4,,,
wea_da01,Carmen's Dance,Weapon,5,,,
wea_da02,Morgan le Fay,Weapon,6,,,
wea_da03,Delilah's Temptation,Weapon,7,,,
wea_da04,Salome's Kiss,Weapon,8,,,
wea_ea00,Ultima Weapon,Weapon,10,,,
wea_ea01,Liberator,Weapon,4,,,
wea_ea02,Salvation,Weapon,5,,,
wea_ea03,Stigma,Weapon,6,,,
wea_ea04,Immortal Order,Weapon,7,,,
wea_ea08,Crimson Blitz,Weapon,8,,,
wea_fa00,Devil's Daughter,Weapon,4,,,
wea_fa01,Izanami,Weapon,5,,,
wea_fa02,Satanic Sister,Weapon,6,,,
wea_fa03,Succubus Claw,Weapon,7,,,
wea_fa04,Hades' Pride,Weapon,8,,,
wea_ga00,Wyvern Lance,Weapon,4,,,
wea_ga01,Seagod's Spear,Weapon,5,,,
wea_ga02,Ramuh's Horn,Weapon,6,,,
wea_ga03,Demon Claw,Weapon,7,,,
wea_ga04,Hades' Fang,Weapon,8,,,
wea_ha00,Kikuichimonji,Weapon,4,,,
wea_ha01,Masamune,Weapon,5,,,
wea_ha02,Heaven's Cloud,Weapon,6,,,
wea_ha03,Demon Knife,Weapon,7,,,
wea_ha04,Kusanagi,Weapon,8,,,
wea_ia00,Brass Falcon,Weapon,4,,,
wea_ia01,Callais Hawk,Weapon,5,,,
wea_ia02,Nightingale,Weapon,6,,,
wea_ia03,Vulture,Weapon,7,,,
wea_ia04,Vedfolnir,Weapon,8,,,
wea_ja00,Magician's Wand,Weapon,4,,,
wea_ja01,Astromancer's Scepter,Weapon,5,,,
wea_ja02,Asteria's Staff,Weapon,6,,,
wea_ja03,Necromancer's Cane,Weapon,7,,,
wea_ja04,Philosopher's Rod,Weapon,8,,,
wea_ka00,Double Saber,Weapon,5,,,
wea_ka01,Godly Gambrel,Weapon,6,,,
wea_ka02,Tower Blade,Weapon,7,,,
wea_ka03,Black Gantry,Weapon,8,,,
wea_ka04,Heaven's Bridge,Weapon,9,,,
wea_la00,Lominsan Cutlass,Weapon,5,,,
wea_la01,Ul'dahn Blade,Weapon,5,,,
wea_la02,Gridanian Sword,Weapon,5,,,
wea_ma00,Blazefire Saber,Weapon,5,,,
wea_na00,Overture,Weapon,5,,,
wea_oa00,Shadow Hunter,Weapon,5,,,
wea_oa01,Endless Paradox,Weapon,6,,,
wea_oa02,Chaos's Revenge,Weapon,7,,,
wea_oa03,Double Deity,Weapon,9,,,
wea_oa04,Demon's Mace,Weapon,4,,,
wea_oa05,Destroyer,Weapon,5,,,
wea_oa06,Shard Blade,Weapon,4,,,
wea_oa07,Flesh Render,Weapon,6,,,
wea_oa08,Death Herald,Weapon,4,,,
wea_oa09,Grim Reaper,Weapon,5,,,
wea_oa10,Executioner's Axe,Weapon,5,,,
wea_oa11,Headhunter,Weapon,5,,,
wea_oa12,Brittle Bone,Weapon,5,,,
wea_oa13,Bonecracker,Weapon,5,,,
wea_oa14,Sickle of the Faithful,Weapon,4,,,
wea_oa15,Battleaxe of the Believer,Weapon,5,,,
wea_oa16,Gagnrad,Weapon,6,,,
wea_oa17,Bladed Lance,Weapon,5,,,
wea_pa00,Summoner's Staff,Weapon,5,,,
wea_qa00,Brotherhood,Weapon,5,,,
wea_sa00,Buster Sword,Weapon,5,,,
wea_zb00,Thirteen Nights,Weapon,5,,,
wea_zb01,Rising Sun,Weapon,5,,,
wea_zb02,Cloud Veil,Weapon,5,,,
wea_zb03,Treasure Hold,Weapon,5,,,
wea_zb04,Heavenly Fan,Weapon,5,,,
wea_zb05,Cruel Grace,Weapon,5,,,
wea_zb06,Jikishinkage,Weapon,5,,,
wea_zc00,Survivor's Axe,Weapon,5,,,
wea_zd00,Crocea Mors,Weapon,7,,,
wea_ze00,Mog's Staff,Weapon,5,,,
wea_zf00,Excalibur,Weapon,5,,,
